{
    "data": [
        {
            "type": "agriculture",
            "data": {
                "articleUrl": "http://m.ce.cn/ttt/201907/10/t20190710_32584185.shtml",
                "title": "老丈人公司破产，不料农村女婿掏出一张卡，老丈人：你能有多少钱",
                "avatar": "http://p9-tt.byteimg.com/video1609/tos-cn-i-0004/e7c6e4a797874ae18e395e5c2cef78df"
            }
        },
        {
            "type": "singlePic",
            "data": {
                "articleUrl": "http://toutiao.com/group/6722318694157910535/",
                "title": "111被胡歌无视，让巩俐发怒李安灰心，金马奖终于把自己“作”凉了？",
                "imageList": [
                    "https://p3.pstatp.com/list/pgc-image/9fef910a621349439a8ba9724f1ac74d"
                ]
            }
        },
        {
            "type": "multiplePic",
            "data": {
                "articleUrl": "http://m.ce.cn/ttt/201907/10/t20190710_32584185.shtml",
                "title": "新职业从业者,新职业从业者月,月收入,美团研究院,新职业从业者月收入",
                "imageList": [
                    "https://p3.pstatp.com/list/pgc-image/RVojrjD4SJqQCB",
                    "https://p3.pstatp.com/list/pgc-image/RVojrjZ3vY4hD2",
                    "https://p3.pstatp.com/list/pgc-image/RVojrjtB57pSao"
                ]
            }
        },
        {
            "type": "singlePic",
            "data": {
                "articleUrl": "http://toutiao.com/group/6722318694157910535/",
                "title": "被胡歌无视，让巩俐发怒李安灰心，金马奖终于把自己“作”凉了？",
                "imageList": [
                    "https://p3.pstatp.com/list/pgc-image/9fef910a621349439a8ba9724f1ac74d"
                ]
            }
        },
        {
            "type": "multiplePic",
            "data": {
                "articleUrl": "http://m.ce.cn/ttt/201907/10/t20190710_32584185.shtml",
                "title": "新职业从业者,新职业从业者月,月收入,美团研究院,新职业从业者月收入",
                "imageList": [
                    "https://p3.pstatp.com/list/pgc-image/RVojrjD4SJqQCB",
                    "https://p3.pstatp.com/list/pgc-image/RVojrjZ3vY4hD2",
                    "https://p3.pstatp.com/list/pgc-image/RVojrjtB57pSao"
                ]
            }
        },
        {
            "type": "singlePic",
            "data": {
                "articleUrl": "http://toutiao.com/group/6722318694157910535/",
                "title": "被胡歌无视，让巩俐发怒李安灰心，金马奖终于把自己“作”凉了？",
                "imageList": [
                    "https://p3.pstatp.com/list/pgc-image/9fef910a621349439a8ba9724f1ac74d"
                ]
            }
        }
    ]
}
