{
    "data": [
        {
            "type": "multiplePic",
            "data": {
                "articleUrl": "http://m.ce.cn/ttt/201907/10/t20190710_32584185.shtml",
                "title": "22222",
                "imageList": [
                    "https://p3.pstatp.com/list/pgc-image/RVojrjD4SJqQCB",
                    "https://p3.pstatp.com/list/pgc-image/RVojrjZ3vY4hD2",
                    "https://p3.pstatp.com/list/pgc-image/RVojrjtB57pSao"
                ]
            }
        },
        {
            "type": "singlePic",
            "data": {
                "articleUrl": "http://toutiao.com/group/6722318694157910535/",
                "title": "33333",
                "imageList": [
                    "https://p3.pstatp.com/list/pgc-image/9fef910a621349439a8ba9724f1ac74d"
                ]
            }
        },
        {
            "type": "multiplePic",
            "data": {
                "articleUrl": "http://m.ce.cn/ttt/201907/10/t20190710_32584185.shtml",
                "title": "新职业从业者,新职业从业者月,月收入,美团研究院,新职业从业者月收入",
                "imageList": [
                    "https://p3.pstatp.com/list/pgc-image/RVojrjD4SJqQCB",
                    "https://p3.pstatp.com/list/pgc-image/RVojrjZ3vY4hD2",
                    "https://p3.pstatp.com/list/pgc-image/RVojrjtB57pSao"
                ]
            }
        },
        {
            "type": "singlePic",
            "data": {
                "articleUrl": "http://toutiao.com/group/6722318694157910535/",
                "title": "被胡歌无视，让巩俐发怒李安灰心，金马奖终于把自己“作”凉了？",
                "imageList": [
                    "https://p3.pstatp.com/list/pgc-image/9fef910a621349439a8ba9724f1ac74d"
                ]
            }
        },
        {
            "type": "multiplePic",
            "data": {
                "articleUrl": "http://m.ce.cn/ttt/201907/10/t20190710_32584185.shtml",
                "title": "新职业从业者,新职业从业者月,月收入,美团研究院,新职业从业者月收入",
                "imageList": [
                    "https://p3.pstatp.com/list/pgc-image/RVojrjD4SJqQCB",
                    "https://p3.pstatp.com/list/pgc-image/RVojrjZ3vY4hD2",
                    "https://p3.pstatp.com/list/pgc-image/RVojrjtB57pSao"
                ]
            }
        },
        {
            "type": "singlePic",
            "data": {
                "articleUrl": "http://toutiao.com/group/6722318694157910535/",
                "title": "被胡歌无视，让巩俐发怒李安灰心，金马奖终于把自己“作”凉了？",
                "imageList": [
                    "https://p3.pstatp.com/list/pgc-image/9fef910a621349439a8ba9724f1ac74d"
                ]
            }
        }
    ]
}
